"Number","Character","Pinyin","Other Pinyin"
0005,丁,dīng,zhēng
0006,厂,chǎng,ān
0008,卜,bǔ,"bo,pú"
0014,几,jǐ,jī
0017,了,le,liǎo
0023,干,gàn,gān
0032,大,dà,dài
0034,与,yǔ,"yù,yú"
0035,万,wàn,mò
0036,上,shàng,"shǎng,shang"
0045,个,gè,gě
0048,么,me,"mó,yāo,ma"
0053,广,guǎng,ān
0054,亡,wáng,wú
0064,子,zǐ,·zi
0067,女,nǚ,rǔ
0071,叉,chā,"chà,chǎ,chá"
0075,王,wáng,wàng
0079,夫,fū,fú
0081,无,wú,mó
0085,扎,zhā,"zā,zhá"
0091,不,bù,fǒu
0094,区,qū,ōu
0100,车,chē,jū
0103,屯,tún,zhūn
0107,切,qiē,qiè
0108,瓦,wǎ,wà
0110,少,shǎo,shào
0113,中,zhōng,zhòng
0116,内,nèi,nà
0118,见,jiàn,xiàn
0127,长,cháng,zhǎng
0129,什,shí,shén
0130,片,piàn,piān
0131,仆,pú,pū
0132,化,huà,huā
0133,仇,chóu,qiú
0136,仅,jǐn,jìn
0138,爪,zhǎo,zhuǎ
0141,父,fù,fǔ
0146,分,fēn,fèn
0151,氏,shì,zhī
0154,风,fēng,fěng
0157,乌,wū,wù
0158,勾,gōu,gòu
0160,六,liù,lù
0162,亢,kàng,"háng,gāng"
0165,为,wéi,wèi
0166,斗,dòu,dǒu
0175,尺,chǐ,chě
0184,予,yǔ,yú
0193,末,mò,·me
0196,打,dǎ,dá
0198,正,zhèng,zhēng
0201,扒,bā,pá
0207,艾,ài,yì
0209,节,jié,jiē
0211,术,shù,"zhú,shú"
0212,可,kě,kè
0216,石,shí,dàn
0219,夯,hāng,bèn
0224,轧,zhá,"yà,gá"
0226,卡,kǎ,qiǎ
0227,北,běi,bèi
0228,占,zhàn,zhān
0237,且,qiě,jū
0238,叶,yè,xié
0243,号,hào,háo
0246,只,zhī,zhǐ
0255,叨,dāo,"dáo,tāo"
0260,凹,āo,wā
0273,们,mén,men
0276,仔,zǎi,"zǐ,zī"
0282,令,lìng,"líng,lǐng"
0287,乐,lè,"yuè,yào,lào"
0288,句,jù,gōu
0294,处,chǔ,chù
0303,冯,féng,píng
0310,头,tóu,tou
0312,宁,níng,nìng
0334,召,zhào,shào
0337,边,biān,bian
0339,发,fā,fà
0342,台,tái,tāi
0354,扛,káng,gāng
0365,扫,sǎo,sào
0366,地,dì,de
0367,场,chǎng,cháng
0371,共,gòng,gōng
0376,朴,pǔ,"piáo,pò,pō"
0379,过,guò,"guo,guō"
0385,压,yā,yà
0387,戌,qu,xū
0390,有,yǒu,yòu
0395,夸,kuā,kuà
0402,夹,jiā,"jiá,gā,xiá"
0405,邪,xié,"yé,yá,yú,xú"
0407,划,huá,"huà,huai"
0418,当,dāng,dàng
0420,吁,xū,"yū,yù"
0421,吐,tǔ,tù
0422,吓,xià,hè
0424,曲,qǔ,qū
0427,同,tóng,tòng
0432,吗,ma,"má,mǎ"
0439,岂,qǐ,kǎi
0445,朱,zhū,shú
0455,传,chuán,zhuàn
0458,休,xiū,xǔ
0467,任,rèn,rén
0469,价,jià,"jie,jiè"
0471,份,fèn,bīn
0472,华,huá,"huā,huà"
0473,仰,yǎng,áng
0479,血,xuè,xiě
0481,似,sì,shì
0483,行,háng,"hàng,héng,xíng"
0486,会,huì,kuài
0488,合,hé,gě
0494,创,chuàng,chuāng
0496,肋,lèi,lē
0506,各,gè,gě
0509,色,sè,shǎi
0511,冲,chōng,chòng
0518,齐,qí,"jì,zī,zhāi"
0520,衣,yī,yì
0530,羊,yáng,xiáng
0531,并,bìng,bīng
0536,汗,hàn,hán
0542,汤,tāng,shāng
0544,兴,xīng,xìng
0554,许,xǔ,hǔ
0556,论,lùn,lún
0564,那,nà,"nèi,nā"
0566,尽,jìn,jǐn
0570,孙,sūn,xùn
0580,妃,fēi,pèi
0581,好,hǎo,hào
0582,她,tā,jiě
0584,戏,xì,hū
0586,观,guān,guàn
0589,红,hóng,gōng
0590,驮,tuó,duò
0591,纤,xiān,qiàn
0593,约,yuē,yāo
0595,纪,jì,jǐ
0600,弄,nòng,lòng
0608,远,yuǎn,yuàn
0616,坏,huài,"pī,pēi,péi"
0632,折,shé,"zhé,zhē"
0634,扳,bān,pān
0635,抡,lún,lūn
0637,抢,qiǎng,"qiāng,chēng"
0647,坊,fāng,fáng
0650,壳,ké,qiào
0655,把,bǎ,bà
0667,芥,jiè,gài
0673,芯,xīn,xìn
0677,苏,sū,sù
0678,杆,gǎn,gān
0679,杠,gàng,gāng
0685,杉,shān,shā
0693,更,gēng,gèng
0695,吾,wú,yù
0699,丽,lì,lí
0703,否,fǒu,pǐ
0704,还,hái,huán
0713,肖,xiào,xiāo
0719,助,zhù,chú
0720,县,xiàn,xuán
0721,里,lǐ,li
0723,吱,zī,zhī
0725,呕,ǒu,"ōu,òu"
0729,呀,yā,ya
0735,吵,chǎo,chāo
0737,员,yuán,"yún,yùn"
0738,呐,nà,·ne
0742,呛,qiāng,qiàng
0746,吭,kēng,háng
0747,吧,bā,ba
0750,囤,dùn,tún
0751,别,bié,biè
0754,岗,gǎng,gāng
0758,钉,dīng,dìng
0769,估,gū,gù
0770,体,tǐ,tī
0771,何,hé,"hè,hē"
0776,佃,diàn,tián
0777,作,zuò,zuō
0778,伯,bǎi,bó
0780,佣,yōng,yòng
0788,伺,sì,cì
0789,佛,fó,"fú,bì,bó"
0798,谷,gǔ,yù
0805,肚,dù,dǔ
0808,龟,guī,"jūn,qiū"
0809,甸,diàn,"tián,shèng"
0814,角,jiǎo,jué
0816,条,tiáo,tiāo
0821,刨,páo,bào
0824,饮,yǐn,yìn
0825,系,xì,jì
0836,应,yìng,yīng
0837,这,zhè,zhèi
0847,间,jiān,jiàn
0848,闷,mèn,mēn
0850,兑,duì,"ruì,yuè"
0854,弟,dì,"tì,tuí"
0860,沙,shā,shà
0867,没,méi,mò
0870,沈,shěn,chén
0892,识,shí,zhì
0904,尿,niào,suī
0905,尾,wěi,yǐ
0912,陆,lù,liù
0913,阿,ā,"ē,·a"
0926,劲,jìn,jìng
0936,纵,zòng,zǒng
0939,纹,wén,wèn
0948,责,zé,zhài
0953,抹,mǒ,"mò,mā"
0955,坷,kē,kě
0957,拓,tuò,"tà,zhí"
0963,担,dān,"dàn,dǎn"
0972,拆,chāi,cā
0976,拘,jū,gōu
0981,拉,lā,"lá,lǎ,là"
0984,拌,bàn,pàn
0985,拧,nǐng,"níng,nìng"
0986,拂,fú,bì
0992,择,zé,zhái
0995,拗,niù,"ào,ǎo"
0996,其,qí,jī
1001,苛,kē,hē
1002,若,ruò,rě
1004,苹,píng,pēng
1013,茄,qié,jiā
1015,苔,tái,tāi
1019,枝,zhī,qí
1022,柜,guì,jǔ
1034,丧,sàng,sāng
1039,刺,cì,cī
1041,雨,yǔ,yù
1049,奔,bēn,bèn
1050,奇,qí,jī
1056,妻,qī,qì
1059,转,zhuǎn,"zhuàn,zhuǎi"
1085,呵,hē,"ā,á,ǎ,à,a,kē"
1097,咋,zǎ,"zé,zhā"
1102,呢,ne,ní
1104,咖,kā,gā
1107,帖,tiē,"tiě,tiè"
1122,知,zhī,zhì
1131,和,hé,"hè,huò,huó,hú"
1133,委,wěi,wēi
1138,供,gòng,gōng
1142,侥,yáo,jiǎo
1147,侧,cè,"zè,zhāi"
1155,的,de,"dí,dì,dī"
1156,迫,pò,pǎi
1165,舍,shè,shě
1167,刹,shā,chà
1172,采,cǎi,cài
1190,服,fú,fù
1212,底,dǐ,de
1213,疟,nüè,yào
1214,疙,gē,yì
1217,卒,zú,cù
1221,净,jìng,chēng
1225,育,yù,yō
1226,氓,méng,máng
1230,券,quàn,xuàn
1231,卷,juàn,juǎn
1232,单,dān,"chán,shàn"
1240,浅,qiǎn,jiān
1242,泄,xiè,yì
1247,沮,jǔ,jù
1249,泊,bó,pō
1251,泡,pào,pāo
1256,泌,mì,bì
1258,泥,ní,nì
1263,泽,zé,shì
1265,怔,zhēng,zhèng
1282,空,kōng,"kòng,kǒng"
1284,宛,wǎn,yuān
1287,郎,láng,làng
1301,详,xiáng,yáng
1310,刷,shuā,shuà
1313,弥,mí,mǐ
1321,降,jiàng,xiáng
1334,参,cān,"shēn,cēn,sān"
1342,织,zhī,zhì
1350,经,jīng,jìng
1352,契,qì,"qiè,xiè"
1362,毒,dú,dài
1372,挎,kuà,kū
1374,挟,jiā,xié
1379,挡,dǎng,dàng
1380,拽,zhuài,"zhuāi,yè"
1383,括,kuò,guā
1386,拾,shí,shè
1387,挑,tiāo,tiǎo
1388,垛,duǒ,duò
1391,挣,zhèng,zhēng
1400,甚,shèn,shén
1403,革,gé,jí
1406,巷,xiàng,hàng
1420,荫,yìn,yīn
1422,南,nán,nā
1430,相,xiāng,xiàng
1431,查,zhā,chá
1432,柏,bǎi,"bó,bò"
1433,栅,shān,"zhà,shi,cè"
1441,要,yào,yāo
1446,研,yán,yàn
1450,砌,qì,qiè
1462,轴,zhóu,zhòu
1467,背,bèi,bēi
1474,省,shěng,xǐng
1475,削,xuē,xiāo
1482,哇,wā,wa
1483,哄,hǒng,"hōng,hòng"
1484,哑,yǎ,yā
1486,冒,mào,mò
1490,咧,liē,"liě,lie,lié"
1497,虹,hóng,jiàng
1498,虾,xiā,há
1500,思,sī,sāi
1501,蚂,mǎ,"mà,mā"
1504,咽,yān,"yàn,yè"
1507,哗,huá,huā
1508,咱,zán,"zá,zǎ,zan"
1510,哈,hā,"hǎ,hà"
1513,咳,hāi,ké
1515,哪,nǎ,"na,nǎi,né,něi"
1516,哟,yō,yo
1523,骨,gǔ,gū
1529,钢,gāng,gàng
1531,钥,yuè,yào
1538,拜,bài,bái
1539,看,kàn,kān
1546,适,shì,kuò
1549,种,zhǒng,"zhòng,chóng"
1552,重,zhòng,chóng
1556,便,biàn,pián
1557,俩,liǎ,liǎng
1561,俏,qiào,xiào
1570,信,xìn,shēn
1576,侯,hòu,hóu
1577,追,zhuī,duī
1580,待,dài,dāi
1589,食,shí,"sì,yì"
1594,胜,shèng,shēng
1596,胖,pàng,"pán,pàn"
1597,脉,mài,mò
1617,将,jiāng,"jiàng,qiāng"
1622,度,dù,duó
1631,亲,qīn,qìng
1640,差,chā,"chà,chāi,chài,cī"
1653,兹,zī,cí
1656,炸,zhà,zhá
1658,炮,pào,"páo,bāo"
1665,洒,sǎ,xǐ
1669,洞,dòng,tóng
1671,洗,xǐ,xiǎn
1678,济,jì,jǐ
1694,觉,jué,jiào
1705,冠,guān,guàn
1707,语,yǔ,yù
1708,扁,biǎn,piān
1717,说,shuō,"yuè,shuì"
1724,屏,bīng,"píng,bǐng"
1736,姥,lǎo,mǔ
1741,娜,nà,nuó
1754,结,jié,jiē
1758,给,gěi,jǐ
1761,络,luò,lào
1769,耙,pá,bà
1785,捂,wǔ,wú
1787,载,zǎi,zài
1791,捎,shāo,shào
1794,埋,mái,mán
1801,都,dōu,dū
1815,挨,āi,ái
1824,莫,mò,mù
1826,荷,hé,hè
1829,恶,è,"wù,ě,wū"
1836,桔,jú,jié
1837,栖,qī,xī
1845,格,gé,gē
1847,校,xiào,jiào
1848,核,hé,hú
1856,贾,jiǎ,gǔ
1877,顿,dùn,dú
1883,监,jiān,jiàn
1891,唠,lào,láo
1893,晃,huàng,huǎng
1897,晕,yūn,yùn
1898,蚌,bàng,bèng
1900,蚣,gōng,zhōng
1905,哩,lī,"lǐ,li"
1908,哦,ò,"ó,é"
1913,哼,hēng,hng
1915,啊,ā,"a,ǎ,á,à"
1916,唉,āi,ài
1918,罢,bà,"pí,ba"
1930,钻,zuàn,zuān
1934,铅,qiān,yán
1941,乘,chéng,shèng
1948,称,chēng,"chèn,chèng"
1949,秘,mì,bì
1960,倒,dǎo,dào
1961,倘,tǎng,cháng
1962,俱,jù,jū
1963,倡,chàng,chāng
1970,臭,chòu,xiù
1971,射,shè,"yè,yì"
1974,倔,juè,jué
1977,殷,yīn,"yān,yǐn"
1980,般,bān,"bō,pán"
1997,胳,gē,"gé,gā"
1998,脏,zāng,zàng
2018,浆,jiāng,jiàng
2019,衰,shuāi,cuī
2026,症,zhèng,zhēng
2040,凉,liáng,liàng
2045,旁,páng,bàng
2047,畜,chù,xù
2063,烙,lào,luò
2072,涡,wō,guō
2086,涨,zhǎng,zhàng
2089,涌,yǒng,chōng
2092,悄,qiāo,qiǎo
2099,家,jiā,"jia,jie"
2112,读,dú,dòu
2113,扇,shàn,shān
2118,被,bèi,pī
2122,谁,shuí,shéi
2123,调,diào,"tiáo,zhōu"
2129,剥,bāo,bō
2137,陶,táo,yáo
2145,通,tōng,tòng
2146,能,néng,nài
2147,难,nán,"nàn,nuó"
2168,排,pái,pǎi
2178,捻,niǎn,niē
2179,教,jiào,jiāo
2189,据,jù,jū
2191,掺,chān,"càn,shǎn,xiān"
2198,著,zhù,"zhuó,·zhe"
2200,勒,lè,lēi
2202,菲,fēi,fěi
2205,菌,jūn,jùn
2215,乾,qián,gān
2225,梢,shāo,sào
2235,票,piào,piāo
2241,硕,shuò,shí
2247,盛,shèng,chéng
2255,雀,què,"qiǎo,qiāo"
2259,匙,chí,shi
2262,眯,mī,mí
2267,啦,lā,la
2280,蛇,shé,yí
2281,唬,hǔ,xià
2282,累,lèi,"lěi,léi"
2286,啰,luō,"luó,luo"
2294,崭,zhǎn,chán
2302,圈,quān,"juàn,juān"
2304,铛,chēng,dāng
2310,矫,jiǎo,jiáo
2318,笼,lóng,lǒng
2337,假,jiǎ,jià
2341,得,dé,"de,děi"
2355,脚,jiǎo,jué
2357,脯,pú,fǔ
2367,猫,māo,máo
2371,祭,jì,zhài
2393,旋,xuán,xuàn
2395,率,lǜ,shuài
2398,着,zhe,"zhuó,zháo,zhāo"
2400,盖,gài,"gě,hé"
2402,粘,nián,zhān
2413,淋,lín,lìn
2416,渠,qú,jù
2417,渐,jiàn,jiān
2419,淌,tǎng,chǎng
2420,混,hùn,hún
2427,淳,chún,zhūn
2455,宿,sù,"xiǔ,xiù"
2468,谜,mí,mèi
2469,逮,dǎi,dài
2471,尉,wèi,yù
2473,弹,dàn,tán
2474,隋,suí,duò
2475,堕,duò,huī
2479,隆,lóng,lōng
2480,隐,yǐn,yìn
2485,颈,jǐng,gěng
2490,绰,chuò,chāo
2494,绷,bēng,"běng,bèng"
2496,综,zōng,zèng
2498,绿,lǜ,lù
2503,琢,zhuó,zuó
2516,趋,qū,cù
2520,提,tí,"dī,dǐ"
2522,揭,jiē,qì
2524,彭,péng,bāng
2525,揣,chuāi,"chuǎi,chuài,tuán,zhuī"
2533,搁,gē,gé
2535,搂,lōu,lǒu
2542,期,qī,jī
2546,散,sàn,sǎn
2550,葛,gě,gé
2557,落,là,"lào,luō,luò"
2559,朝,cháo,zhāo
2563,棱,léng,"lēng,líng"
2569,椅,yǐ,yī
2572,棍,gùn,hùn
2573,椎,zhuī,chuí
2588,厦,shà,xià
2594,殖,zhí,shi
2595,裂,liè,liě
2600,雅,yǎ,yā
2601,翘,qiào,qiáo
2616,量,liàng,liáng
2618,喷,pēn,pèn
2619,喳,zhā,chā
2621,喇,lā,"lá,lǎ"
2626,景,jǐng,yǐng
2631,跑,pǎo,páo
2633,遗,yí,wèi
2638,蛤,gé,há
2639,喝,hē,"hè,yè"
2647,嵌,qiàn,kàn
2657,铺,pù,pū
2676,稍,shāo,shào
2682,筑,zhù,zhú
2687,答,dá,dā
2693,堡,pù,"bǎo,bǔ"
2701,奥,ào,yù
2709,番,fān,pān
2712,腊,là,xī
2729,敦,dūn,duì
2746,遂,suì,suí
2747,曾,zēng,céng
2749,港,gǎng,jiǎng
2759,溃,kuì,huì
2760,溅,jiàn,jiān
2771,慌,huāng,·huang
2777,愉,yú,tōu
2793,禅,chán,shàn
2800,属,shǔ,zhǔ
2802,强,qiáng,"qiǎng,jiàng"
2803,粥,zhōu,yù
2816,缉,jī,qī
2823,骚,sāo,sǎo
2832,摄,shè,niè
2834,填,tián,zhèn
2859,蒙,méng,"mēng,měng"
2863,禁,jìn,jīn
2865,楷,kǎi,jiē
2882,碌,lù,liù
2892,频,pín,bīn
2915,跳,tiào,táo
2924,蛾,é,yǐ
2944,锯,jù,jū
2981,解,jiě,"jiè,xiè"
2982,煞,shà,shā
2985,馏,liú,liù
2999,数,shù,"shǔ,shuò"
3013,溜,liū,liù
3020,溺,nì,niào
3025,塞,sāi,"sè,sài"
3037,辟,bì,"pī,pì"
3045,缝,fèng,féng
3048,剿,jiǎo,chāo
3053,熬,áo,āo
3064,撇,piě,piē
3069,蔓,màn,"wàn,mán"
3076,蔚,wèi,yù
3078,模,mó,mú
3079,槛,kǎn,jiàn
3081,榜,bǎng,bàng
3097,辗,niǎn,zhǎn
3099,裳,cháng,shang
3106,蜡,là,zhà
3110,嘛,ma,má
3112,赚,zhuàn,zuàn
3119,熏,xūn,xùn
3134,膀,bǎng,"páng,pāng"
3135,鲜,xiān,xiǎn
3142,膏,gāo,gào
3145,瘩,da,dá
3163,漂,piāo,"piǎo,piào"
3180,褪,tùn,tuì
3188,缩,suō,sù
3192,撒,sā,sǎ
3193,撩,liáo,liāo
3194,趣,qù,cù
3195,趟,tàng,tāng
3197,撮,cuō,zuǒ
3213,横,héng,hèng
3227,磅,bàng,páng
3232,瞒,mán,mén
3234,暴,bào,pù
3238,嘲,cháo,zhāo
3242,踏,tà,tā
3252,嘿,hēi,mò
3254,幢,zhuàng,chuáng
3257,镐,hào,gǎo
3260,稽,jī,qǐ
3278,熟,shú,shóu
3279,摩,mó,mā
3281,瘪,biě,biē
3287,糊,hú,"hū,hù"
3291,澎,péng,pēng
3299,澄,chéng,dèng
3311,劈,pī,pǐ
3316,擂,lèi,léi
3319,燕,yàn,yān
3326,薄,báo,"bó,bò"
3346,蟆,má,mò
3367,磨,mó,mò
3387,缴,jiǎo,zhuó
3390,藉,jiè,jí
3392,藏,cáng,zàng
3401,瞭,liǎo,liào
3419,繁,fán,pó
3423,臊,sào,sāo
3432,豁,huō,"huò,huá"
3434,臂,bì,bei
3443,嚣,áo,xiāo
3448,瀑,bào,pù
3457,曝,pù,bào
3458,蹲,dūn,cún
3460,蹬,dēng,dèng
3462,簸,bò,bǒ
3463,簿,bù,bó
3465,颤,chàn,zhàn
3466,靡,mí,mǐ
3472,疆,jiāng,qiáng
3479,嚼,jiáo,"jué,jiào"
3480,嚷,rǎng,rāng
3490,露,lù,lòu
3496,囊,náng,nāng
3502,乜,niè,miē
3503,兀,wù,wū
3530,艽,jiāo,qiú
3544,仡,yì,gē
3548,氐,dī,dǐ
3568,圩,xū,wéi
3579,芍,sháo,què
3602,伎,jì,qí
3608,伧,chen,cāng
3622,饧,táng,xíng
3636,艮,gèn,gěn
3643,牟,mù,móu
3646,纥,hé,gē
3652,圻,qí,yín
3659,芫,yuán,yán
3662,芾,fèi,fú
3664,苣,jù,qǔ
3668,芼,mào,máo
3679,杓,sháo,biāo
3681,杈,chā,chà
3683,孛,bèi,bó
3689,忒,tè,"tēi,tuī"
3697,旰,gàn,hàn
3701,呔,dāi,tǎi
3703,呃,è,e
3705,吡,bǐ,pǐ
3706,町,tǐng,dīng
3708,呗,bài,bei
3709,吽,ōu,"hōng,hǒu"
3711,吲,yǐn,shěn
3723,钌,liào,liǎo
3731,佚,yì,dié
3735,伽,jiā,"qié,gā"
3736,彷,páng,fǎng
3740,豸,zhì,zhài
3755,亨,hēng,pēng
3769,沤,ōu,òu
3770,沌,dùn,zhuàn
3779,汶,wèn,mén
3787,忾,kài,xì
3790,忪,sōng,zhōng
3800,诒,yí,dài
3804,陂,bēi,"pō,pí"
3822,纰,pī,"pí,bǐ"
3824,纶,lún,guān
3830,玢,bīn,fēn
3847,坻,dǐ,chí
3853,耶,yē,yé
3858,苫,shān,shàn
3860,苴,jū,chá
3873,苕,tiáo,sháo
3881,枞,cōng,zōng
3882,枋,fāng,bìng
3883,杻,niǔ,chǒu
3889,奄,yǎn,yān
3907,炅,jiǒng,guì
3908,咔,kǎ,kā
3911,咀,zuǐ,jǔ
3912,呷,xiā,gā
3913,黾,miǎn,"mǐn,měng"
3914,呱,guā,"gū,guǎ"
3920,呣,ḿ,m̀
3936,沓,tà,dá
3948,竺,zhú,dǔ
3949,迤,yǐ,yí
3957,侗,dòng,"tǒng,tóng"
3972,郄,xì,qiè
3976,戗,qiāng,qiàng
3978,䏝,zhuān,"chuán,chún,zhuǎn"
3981,肫,zhūn,chún
3984,郇,huán,xún
3997,疠,lì,lài
4011,泷,lóng,shuāng
4017,泺,luò,pō
4030,怍,zuò,zhà
4031,㤘,chù,"cù,zhòu"
4035,宕,dàng,tàn
4037,宓,mì,fú
4041,诘,jié,jí
4046,衩,chà,chǎ
4050,祇,qí,zhǐ
4062,亟,jí,qì
4066,姗,shān,shàn
4067,帑,tǎng,nú
4082,骀,dài,tái
4083,甾,zāi,zī
4093,拮,jié,jiá
4094,垭,yā,yà
4095,挝,wō,zhuā
4100,贲,bēn,bì
4102,垌,dòng,tóng
4108,茜,qiàn,xī
4110,荑,yí,tí
4126,荠,qí,jì
4130,荥,yíng,xíng
4132,荨,qián,xún
4134,剋,kēi,kè
4149,柚,yòu,yóu
4151,柞,zhà,zuò
4154,柢,dǐ,chí
4155,栎,lì,yuè
4156,枸,gǒu,"jǔ,gōu"
4157,柈,pán,bàn
4158,柁,tuó,duò
4161,剌,là,lá
4162,酊,dīng,dǐng
4163,郦,lì,zhí
4173,虺,huī,huǐ
4188,眄,miǎn,miàn
4195,禺,yú,"yù,ǒu"
4207,呲,cī,zī
4215,哕,yuě,huì
4224,咯,gē,"luò,kǎ,lo"
4228,哏,gén,hěn
4230,峙,zhì,shì
4234,峒,dòng,tóng
4235,峤,qiáo,jiào
4246,钯,bǎ,pá
4267,俟,sì,qí
4272,俞,yú,"shù,yù"
4273,郗,chī,xī
4287,朐,qú,"xù,chǔn"
4301,饹,gē,le
4342,浍,huì,kuài
4345,浒,hǔ,xǔ
4350,恓,xī,"qī,xù"
4352,恫,dòng,tōng
4384,娆,ráo,rǎo
4386,姣,jiāo,xiáo
4392,矜,jīn,"guān,qín"
4410,珲,huī,hún
4413,埔,pǔ,bù
4419,耆,qí,shì
4422,捋,lǚ,luō
4424,垸,yuàn,huán
4429,莳,shì,shí
4437,莩,piǎo,fú
4441,莘,shēn,xīn
4442,莎,shā,suō
4443,莞,wǎn,"guān,guǎn"
4444,莨,làng,liáng
4451,桡,ráo,náo
4455,梃,tǐng,tìng
4456,栝,guā,kuò
4458,桁,héng,háng
4459,桧,guì,huì
4461,栟,bīng,bēn
4467,鬲,gé,lì
4495,晟,shèng,chéng
4497,眙,yí,chì
4500,唔,wú,"ńg,ń"
4504,趵,bō,bào
4528,钲,zhēng,zhèng
4535,钿,diàn,tián
4542,铊,tā,tuó
4545,铍,pí,pī
4562,倩,qiàn,qìng
4566,俶,chù,tì
4569,恁,nèn,nín
4570,倭,wō,wēi
4575,隽,jùn,juàn
4577,倥,kǒng,kōng
4579,皋,gāo,háo
4584,徕,lái,lài
4616,疸,dǎn,da
4627,旄,máo,mào
4632,阆,láng,làng
4637,烜,xuān,xuǎn
4640,烊,yàng,yáng
4641,剡,yǎn,shàn
4658,浚,jùn,xùn
4661,悝,kuī,lǐ
4683,奘,zàng,zhuǎng
4705,绨,tí,tì
4711,焘,tāo,dào
4721,掴,guó,guāi
4725,埤,pí,pì
4729,堋,péng,bèng
4733,掖,yè,yē
4735,掊,póu,pǒu
4737,掸,dǎn,shàn
4742,埽,sào,sǎo
4749,堇,jǐn,"qīn,jìn"
4759,菟,tú,tù
4763,菹,zū,jù
4766,菀,wǎn,yù
4771,梿,lián,liǎn
4782,匮,kuì,guì
4788,戛,jiá,gā
4796,硌,gè,luò
4808,堑,qiàn,"zàn,jiàn"
4818,喏,nuò,rě
4820,啉,lín,lán
4830,跄,qiàng,qiāng
4832,蛄,gū,gǔ
4842,啁,zhōu,"zhāo,tiào"
4845,啐,cuì,qi
4854,啜,chuò,chuài
4856,崚,líng,léng
4873,铣,xǐ,xiǎn
4874,铤,tǐng,dìng
4878,铪,hā,kē
4879,铫,yáo,"diào,tiáo"
4881,铮,zhēng,zhèng
4897,笮,zé,zuó
4907,偈,jì,jié
4908,傀,guī,kuǐ
4910,偻,lǚ,lóu
4925,猗,yī,yǐ
4945,阇,dū,shé
4951,阏,è,yān
4952,羟,qiǎng,qiān
4968,渎,dú,dòu
4970,淖,nào,"chuò,zhuō"
4971,挲,sā,"shā,suō"
4972,淠,pì,pèi
4974,渑,miǎn,shéng
4986,惝,chǎng,tǎng
4992,惮,dàn,dá
4993,窕,tiǎo,yáo
4994,谌,chén,shèn
5000,袷,jiá,"qiā,jié"
5015,隗,wěi,kuí
5026,欸,ǎi,"ēi,éi,ěi,èi"
5050,靓,liàng,jìng
5065,趄,jū,qiè
5067,颉,jié,"xié,jiá"
5079,葑,fēng,fèng
5080,葚,shèn,rèn
5097,棹,zhào,zhuō
5104,棣,dì,"dài,tì"
5107,覃,qín,tán
5109,酢,cù,zuò
5122,斐,fěi,fēi
5123,睄,qiáo,"shào,xiāo"
5128,喋,dié,zhá
5129,嗒,dā,tà
5137,跞,luò,lì
5152,喁,yóng,yú
5158,喽,lou,lóu
5161,喔,wō,ō
5165,崴,wǎi,wēi
5186,锏,jiǎn,jiàn
5189,锔,jū,jú
5199,鹄,hú,gǔ
5200,犍,jiān,qián
5221,颌,hé,gé
5228,腌,yān,ā
5248,馇,chā,zha
5264,颏,kē,ké
5272,焯,chāo,zhuō
5279,湮,yān,yīn
5284,湫,qiū,jiǎo
5306,裎,chéng,chěng
5316,孱,chán,càn
5321,媛,yuàn,yuán
5348,韫,yùn,wēn
5356,蜇,zhē,zhé
5364,毂,gū,gǔ
5394,楂,zhā,chá
5400,楯,dùn,shǔn
5428,訾,zī,zǐ
5439,睥,pì,bì
5441,嗑,kè,kē
5447,嗄,á,shà
5455,跐,cī,cǐ
5459,蛸,shāo,xiāo
5467,嗯,ǹg,"ńg,ňg,ń,ň,ǹ"
5470,嗳,ài,"ǎi,āi"
5471,嗌,ài,yì
5473,嗨,hēi,hāi
5500,筠,yún,jūn
5515,貉,mò,"hé,háo"
5536,遛,liú,liù
5539,亶,dǎn,dàn
5541,痱,fèi,féi
5554,阙,quē,què
5567,溱,zhēn,qín
5581,滃,wěng,wēng
5590,慊,qiè,qiàn
5597,褚,chǔ,zhǔ
5598,裨,bì,pí
5602,谩,màn,mán
5620,耥,tāng,tǎng
5629,叆,ài,yǐ
5631,摽,biāo,biào
5647,鞅,yāng,yàng
5657,斡,wò,guǎn
5659,蓼,liǎo,lù
5668,槟,bīn,bīng
5677,碴,chá,chā
5678,碣,jié,yà
5687,蜚,fēi,fěi
5691,龈,yín,kěn
5695,嘞,lē,lei
5699,嘎,gā,"gǎ,gá"
5703,踉,liàng,liáng
5715,嘘,xū,shī
5720,嘚,dē,dēi
5732,鹘,hú,gǔ
5742,箐,jīng,qìng
5752,箢,yuān,wǎn
5760,僮,tóng,zhuàng
5768,鲑,guī,xié
5780,麽,mó,"me,ma"
5789,阚,kàn,hǎn
5795,糁,shēn,sǎn
5800,潢,huáng,guāng
5803,漯,luò,tà
5815,窨,xūn,yìn
5817,綮,qìng,qǐ
5824,谯,qiáo,qiào
5832,嫖,piáo,piāo
5834,嫚,màn,mān
5838,翟,zhái,dí
5841,骠,piào,biāo
5842,缥,piǎo,piāo
5847,缪,miù,"móu,liáo,miào,mù"
5862,撅,juē,jué
5879,瞢,méng,měng
5880,蕃,fān,"fán,bō"
5885,槭,qì,sè
5887,樘,chēng,táng
5901,觑,qù,qū
5930,嘬,zuō,chuài
5936,噌,cēng,chēng
5947,镉,gé,lì
5950,镏,liù,liú
5961,儋,dān,dàn
5962,徵,zhǐ,zhēng
5994,熜,cōng,zǒng
5997,澍,shù,zhù
6000,潦,liáo,"lǎo,lào"
6015,熨,yùn,yù
6023,缯,zēng,zèng
6042,擞,sǒu,sòu
6046,蕻,hóng,hòng
6047,鞘,qiào,shāo
6087,嚄,huō,"huò,ǒ"
6098,蟒,mǎng,měng
6104,噱,jué,xué
6110,圜,huán,yuán
6113,镗,táng,tāng
6117,镝,dí,dī
6134,徼,jiǎo,jiào
6135,歙,xī,shè
6162,麇,jūn,qún
6170,燎,liáo,liǎo
6178,澹,dàn,tán
6193,缲,qiāo,sāo
6199,螫,shì,zhē
6207,鞬,jiān,jiàn
6229,蹊,qī,xī
6236,嚓,chā,cā
6245,镡,tán,"chán,xín"
6248,镦,dūn,duì
6251,镪,qiǎng,qiāng
6252,镫,dēng,dèng
6268,繇,yáo,"yóu,zhòu"
6273,膻,shān,dàn
6279,鳃,sāi,xǐ
6287,糜,mí,méi
6295,濞,bì,pì
6297,濯,zhuó,zhào
6303,擘,bò,bāi
6305,隳,huī,duò
6328,瞿,qú,jù
6368,攒,zǎn,cuán
6384,蹶,juě,jué
6442,鳜,jué,guì
6458,爝,jué,jiào
6463,蠡,lí,lǐ
6497,馕,náng,nǎng
6498,戆,gàng,zhuàng
6502,尢,wāng,yóu
6504,卬,áng,yǎng
6507,毌,guàn,wān
6515,氿,guǐ,jiǔ
6517,氾,fán,fàn
6531,吒,zhà,zhā
6532,吖,ā,yā
6537,仳,pǐ,pí
6543,犴,àn,hān
6548,汋,zhuó,què
6549,䜣,xī,"xīn,yín"
6552,孖,mā,zī
6558,玚,yáng,chàng
6559,刬,chǎn,chàn
6562,坉,tún,dùn
6565,坋,fèn,bèn
6573,芘,pí,bǐ
6574,芴,wù,hū
6578,杕,dì,duò
6582,杩,mà,mǎ
6584,尨,méng,"máng,lóng,páng"
6589,旴,xū,xù
6597,呇,mèn,qǐ
6603,伭,xián,xuán
6605,伲,nì,ní
6606,佁,yǐ,chì
6609,闶,kāng,kàng
6618,㳇,fú,fù
6621,忳,tún,"zhūn,dùn"
6632,阽,yán,diàn
6635,妧,wàn,yuán
6647,玱,qiāng,cāng
6648,玟,mín,wén
6660,苧,zhù,níng
6667,矼,gāng,"qiāng,kòng"
6669,匼,kē,qià
6673,旿,wù,wǔ
6678,咉,yǎng,yāng
6683,岨,qū,jū
6689,钐,shān,shàn
6693,佴,èr,nài
6699,隹,zhuī,"cuī,wéi"
6715,忞,mǐn,"wěn,mín"
6716,於,wū,"yū,yú"
6719,泙,pēng,píng
6729,祊,bēng,fāng
6755,砉,huā,xū
6759,珇,zǔ,jù
6763,玹,xuán,xián
6771,埏,shān,yán
6780,垵,ān,ǎn
6782,拶,zā,zǎn
6787,茈,zǐ,cí
6798,柷,zhù,chù
6801,枹,bāo,fú
6803,柖,sháo,shào
6812,耏,ér,nài
6813,奓,zhà,zhā
6822,盷,tián,xián
6824,咺,xuān,xuǎn
6825,昳,yì,dié
6831,咥,xì,dié
6833,虷,gān,hán
6837,耑,zhuān,duān
6851,钭,tǒu,dǒu
6871,朏,fěi,kū
6881,洘,kǎo,kào
6882,洓,sè,"qì,zì"
6889,洑,fú,fù
6899,恔,xiào,jiǎo
6906,祕,bì,mì
6907,叚,jiǎ,xiá
6912,姱,kuā,hù
6913,姤,gòu,dù
6914,姶,è,yà
6930,玼,cī,cǐ
6938,珢,yín,kèn
6944,垺,fóu,"fú,pēi"
6945,埆,què,jué
6953,莶,xiān,liǎn
6960,桄,guàng,guāng
6963,梴,chān,yán
6970,砫,zhǔ,zhù
6971,砬,lá,"lì,lā"
6985,唝,gòng,"hǒng,gǒng"
6987,哱,bō,"pò,bā"
6993,蚄,fāng,bàng
6996,帱,chóu,dào
7018,倞,liàng,jìng
7020,倓,tán,tàn
7032,胲,gǎi,hǎi
7044,竘,qǔ,kǒu
7049,烠,huí,huǐ
7050,烔,tóng,dòng
7052,烻,yàn,shān
7061,浰,liàn,lì
7065,浲,féng,hóng
7067,悈,jiè,kè
7081,隺,hè,hú
7089,哿,gě,jiā
7103,琈,fú,fū
7115,掞,yàn,"shàn,yǎn"
7129,菍,niè,rěn
7133,菉,lù,lǜ
7134,䓛,fǔ,"gǔ,qū"
7135,梼,táo,"chóu,dào"
7139,桯,tīng,yíng
7140,梣,qín,"chén,cén"
7141,梌,tú,chá
7147,硙,wèi,"wéi,ái"
7156,啫,zhě,shì
7160,畤,zhì,"chóu,shì"
7163,跂,qí,qǐ
7168,啴,tān,"chǎn,tuō"
7173,崒,zú,cuì
7186,铴,tāng,tàng
7196,偲,cāi,sī
7197,偁,chēng,chèn
7206,悆,yù,shū
7230,焆,juān,yè
7232,焌,jùn,qū
7236,淜,péng,píng
7239,湴,bàn,pán
7240,涴,wò,"wǎn,yuān"
7243,惛,hūn,mèn
7244,惔,dàn,tán
7246,惙,chuò,chuì
7247,寁,jié,zǎn
7257,艴,fú,bó
7261,隃,yú,"yáo,shù"
7264,婼,ruò,chuò
7269,婫,hùn,kūn
7270,婤,zhōu,chōu
7271,婘,quán,juàn
7272,婠,wān,wà
7282,絜,jié,xié
7286,琟,yù,wéi
7291,揕,zhèn,zhēn
7295,堨,ài,"è,yè"
7310,蒉,kuì,kuài
7314,葰,jùn,suǒ
7320,萹,biān,biǎn
7322,棽,chēn,shēn
7325,椑,bēi,pí
7328,椆,chóu,"zhòu,diāo"
7329,棓,bàng,"pǒu,bèi,bēi"
7330,棬,quān,juàn
7331,棪,yǎn,yàn
7336,酦,fā,pō
7341,欹,qī,yī
7346,龂,yín,"kěn,yǎn"
7349,牚,chēng,chèng
7360,嵁,kān,zhàn
7363,嵅,hán,dǎng
7368,圌,chuí,chuán
7386,稌,tú,shǔ
7395,傒,xī,xì
7396,傕,què,jué
7398,畬,shē,yú
7402,䐃,jiǒng,jùn
7406,鲃,bā,bà
7407,猰,yà,"jiá,qiè"
7409,猯,tuān,tuàn
7416,廆,guī,"wěi,huì"
7419,遆,tí,dì
7424,欻,chuā,xū
7426,溚,dá,tǎ
7429,渰,yǎn,yān
7432,渟,tíng,tīng
7436,湣,mǐn,hūn
7437,湑,xǔ,xù
7441,敩,xiào,xué
7442,甯,níng,nìng
7448,媆,ruǎn,nèn
7449,媞,tí,shì
7452,媂,dì,tí
7455,矞,yù,"xù,jué"
7458,缊,wēn,"yùn,yūn"
7473,嶅,áo,ào
7482,搒,péng,bàng
7489,蓂,mì,míng
7492,椹,shèn,zhēn
7493,楪,dié,yè
7495,榅,wēn,yùn
7502,歅,yīn,yān
7505,碏,què,xī
7509,硿,kōng,kòng
7515,觜,zī,zuǐ
7517,暕,jiǎn,lán
7536,锬,tán,xiān
7546,筤,láng,làng
7553,貆,huān,huán
7558,鲊,zhǎ,zhà
7559,鲌,bà,bó
7567,觟,huà,xiè
7573,瘅,dān,dàn
7583,煴,yūn,yùn
7594,漷,huǒ,"kuò,huò"
7603,裼,tì,xī
7605,禔,zhī,"zhǐ,tí"
7619,缞,shuāi,"cuī,suī"
7620,耤,jí,jiè
7624,瑱,tiàn,zhèn
7629,墕,yān,yàn
7645,蔊,hàn,hǎn
7646,嘏,gǔ,jiǎ
7648,榑,fú,"fù,bó"
7653,疐,dì,zhì
7656,酾,shāi,shī
7662,碨,wèi,wěi
7691,箖,lín,lǐn
7692,劄,zhā,zhá
7709,夐,xuàn,xiòng
7714,廑,jǐn,qín
7717,瘥,chài,cuó
7718,瘕,jiǎ,"xiá,xiā"
7721,熇,hè,xiāo
7727,漼,cuǐ,cuī
7728,漴,chóng,shuāng
7732,漻,liáo,liú
7733,慬,jìn,"qín,jǐn"
7741,隩,yù,ào
7756,薁,yù,ào
7760,槱,yǒu,chǎo
7762,磏,lián,qiān
7775,蝤,yóu,qiú
7780,嶲,guī,"xī,juàn"
7804,觭,jī,qí
7814,潵,sàn,sǎ
7822,憭,liáo,liǎo
7823,憕,chéng,"dèng,zhèng"
7838,薳,yuǎn,wěi
7839,鞔,mán,mèn
7847,橦,tóng,chuáng
7859,暿,xī,xǐ
7871,嶦,zhān,shàn
7878,篯,jiǎn,jiān
7885,鲭,qīng,zhēng
7897,燋,jiāo,"zhuó,qiáo,jué"
7902,濩,hù,huò
7907,澭,yōng,yǒng
7913,嬛,qióng,"huán,xuān"
7922,擿,tī,"zhāi,zhì"
7924,薸,piáo,piāo
7931,磻,pán,bō
7949,穜,tóng,"zhǒng,zhòng"
7982,釐,lí,"xǐ,xī"
7990,藨,biāo,pāo
7995,礌,léi,lěi
7997,蹢,dí,zhí
7999,蟫,yín,xún
8005,酂,zàn,"cuán,cuó"
8006,馧,yūn,wò
8039,儳,chán,chàn
8040,儴,ráng,xiāng
8068,瀼,ráng,ràng
8071,孅,qiān,xiān
8078,趯,yuè,tì
8084,鳣,zhān,shàn
8097,亹,wěi,mén
